id	aka_name	901343	901343	1	901343	514
id	aka_title	361472	361472	1	377960	180699
id	cast_info	36244344	36244344	1	36244344	5202
id	char_name	3140339	3140339	1	3140339	1570813
id	comp_cast_type	4	4	1	4	0
id	company_name	234997	234997	1	234997	117389
id	company_type	4	4	1	4	0
id	complete_cast	135086	135086	1	135086	0
id	info_type	113	113	1	113	0
id	keyword	134170	134170	1	134170	66845
id	kind_type	7	7	1	7	0
id	link_type	18	18	1	18	0
id	movie_companies	2609129	2609129	1	2609129	870
id	movie_info	14835720	14835720	1	14835720	38536
id	movie_info_idx	1380035	1380035	1	1380035	0
id	movie_keyword	4523930	4523930	1	4523930	0
id	movie_link	29997	29997	1	29997	0
id	name	4167491	4167491	1	4167491	2083530
id	person_info	2963664	2963664	1	2963664	25959
id	role_type	12	12	1	12	0
id	title	2528312	2528312	1	2528312	1264079
fk	aka_name	person_id	901343	0	588222	4	4167489	76	651107	231324
fk	aka_title	movie_id	361472	0	205631	0	2525672	93	361460	180621
fk	cast_info	movie_id	36244344	0	2331601	1	2525975	1741	35497745	3455427
fk	cast_info	person_id	36244344	0	4051810	1	4061926	10249	5236113	741657
fk	cast_info	person_role_id	17571519	18672825	3140339	1	3140339	1322872	10558563	3512985
fk	cast_info	role_id	36244344	0	11	1	11	12670688	13	1
fk	complete_cast	movie_id	135086	0	93514	285	2528312	2	135086	17476
fk	complete_cast	subject_id	135086	0	2	1	2	85941	2	0
fk	complete_cast	status_id	135086	0	2	3	4	110494	32606	16303
fk	movie_companies	movie_id	2609129	0	1087236	2	2525745	94	1673568	39624
fk	movie_companies	company_id	2609129	0	234997	1	234997	62075	2142980	1034858
fk	movie_companies	company_type_id	2609129	0	2	1	2	1334883	2	0
fk	movie_info	movie_id	14835720	0	2468825	1	2526430	2937	10136299	281742
fk	movie_info	info_type_id	14835720	0	71	1	110	3036719	428285	191203
fk	movie_info_idx	movie_id	1380035	0	459925	2	2525793	4	460275	10369
fk	movie_info_idx	info_type_id	1380035	0	5	99	113	459925	1379709	459924
fk	movie_keyword	movie_id	4523930	0	476794	2	2525971	540	477194	11348
fk	movie_keyword	keyword_id	4523930	0	134170	1	134170	72496	4489628	2204119
fk	movie_link	movie_id	29997	0	6411	2	186175	569	6414	84
fk	movie_link	linked_movie_id	29997	0	16169	284	2524994	131	29761	6110
fk	movie_link	link_type_id	29997	0	16	1	17	8593	6253	3230
fk	person_info	person_id	2963664	0	550721	4	4167491	1479	604068	201745
fk	person_info	info_type_id	2963664	0	22	15	39	620526	1875025	950553
fk	title	kind_id	2528312	0	6	1	7	1543264	578988	289507
dangle	cast_info	movie_id	0
dangle	cast_info	person_id	0
dangle	cast_info	person_role_id	0
dangle	movie_info	movie_id	0
dangle	movie_companies	company_id	0
dangle	movie_keyword	keyword_id	0
dangle	aka_name	person_id	0
dangle	person_info	person_id	0
dangle	movie_link	linked_movie_id	0
dangle	complete_cast	movie_id	0
dangle	aka_title	movie_id	93
str	title	title	2528312	0	1483632	16.29530255759574	334	41199609
str	name	name	4167491	0	3587400	14.481523055478704	106	60351617
str	char_name	name	3140339	0	3139743	15.320007171200306	478	48110016
str	movie_info	info	14835720	0	2720930	42.21939514900524	19793	626355125
str	movie_info	note	1436974	13398746	133610	18.865524358826256	387	27109268
str	movie_companies	note	1337140	1271989	66450	23.51734298577561	208	31445980
str	cast_info	note	14237092	22007252	715571	17.770736748768638	922	253003614
str	keyword	keyword	134170	0	134170	15.401766415741223	74	2066455
str	company_name	name	234997	0	224385	18.30352727907165	169	4301274
str	company_name	country_code	211073	23924	215	4.007812462986739	6	845941
str	aka_name	name	901343	0	810620	15.627163022290071	218	14085434
str	aka_title	title	361472	0	313624	20.543060043378187	553	7425741
str	person_info	info	2963664	0	1925067	111.64092218281155	55656	330866182
str	person_info	note	84183	2879481	49991	14.33195538291579	430	1206507
str	movie_info_idx	info	1380035	0	146245	5.001020263978812	10	6901583
str	name	gender	2701134	1466357	2	1.0	1	2701134
str	name	name_pcode_cf	4167484	7	23603	4.723635411677646	5	19685675
str	title	production_year	2456218	72094	132	4.0	4	9824872
