query	duck_cold	duck_hot	duck_iqr	rudb_cold	rudb_hot	rudb_iqr	ratio	check
1a	380.0	102.0	32.5	289.0	6.2	3.2	0.060	ok
1b	144.0	59.0	19.5	194.6	2.8	1.4	0.048	ok
1c	167.0	64.0	11.5	198.8	7.5	3.9	0.117	ok
1d	130.0	42.0	10.0	184.1	5.1	2.4	0.121	ok
2a	731.0	363.0	78.5	622.2	26.8	9.2	0.074	ok
2b	712.0	253.0	58.5	611.5	21.7	9.0	0.086	ok
2c	359.0	76.0	22.0	184.7	3.9	1.5	0.052	ok
2d	695.0	265.0	21.0	514.2	29.6	6.1	0.112	ok
3a	3618.0	898.0	191.5	1575.6	32.9	18.6	0.037	ok
3b	2577.0	693.0	42.0	585.9	31.3	3.6	0.045	ok
3c	3224.0	982.0	141.5	1772.5	68.8	13.7	0.070	ok
4a	742.0	302.0	44.5	359.6	12.6	4.4	0.042	ok
4b	464.0	141.0	6.0	328.7	13.5	4.0	0.096	ok
4c	951.0	414.0	121.5	418.2	22.0	5.0	0.053	ok
5a	505.0	142.0	23.5	250.1	5.4	4.1	0.038	ok
5b	282.0	67.0	19.0	255.3	7.2	2.3	0.108	ok
5c	2717.0	726.0	51.5	1323.0	26.7	9.8	0.037	ok
6a	2379.0	749.0	79.5	1212.2	13.0	16.8	0.017	ok
6b	1205.0	515.0	66.0	1214.5	28.0	10.8	0.054	ok
6c	1583.0	427.0	49.0	779.2	12.6	6.5	0.030	ok
6d	2077.0	852.0	156.5	2367.6	94.1	24.8	0.110	ok
6e	2776.0	805.0	94.0	2383.7	22.9	27.0	0.028	ok
6f	5343.0	2346.0	327.5	2866.8	122.3	44.2	0.052	ok
7a	1185.0	236.0	55.5	996.6	20.9	6.8	0.089	ok
7b	609.0	173.0	51.5	772.0	15.5	7.8	0.090	ok
7c	3841.0	1146.0	361.5	1796.1	80.5	39.0	0.070	ok
8a	1361.0	380.0	35.5	1440.1	63.0	9.9	0.166	ok
8b	1014.0	356.0	83.0	706.7	22.6	6.4	0.063	ok
8c	3945.0	1869.0	500.5	694.5	117.9	61.4	0.063	ok
8d	1290.0	604.0	56.5	550.1	69.9	27.6	0.116	ok
9a	2104.0	705.0	77.0	2034.0	127.8	51.0	0.181	ok
9b	1860.0	625.0	163.0	1942.5	98.2	14.9	0.157	ok
9c	2100.0	989.0	63.0	1990.3	116.1	21.4	0.117	ok
9d	2879.0	1388.0	149.0	1585.7	129.2	59.8	0.093	ok
10a	1607.0	330.0	155.5	1234.5	39.8	12.1	0.121	ok
10b	923.0	323.0	150.0	787.9	26.1	9.2	0.081	ok
10c	3131.0	1325.0	122.0	983.0	118.9	11.0	0.090	ok
11a	208.0	71.0	6.0	172.2	3.0	1.0	0.042	ok
11b	137.0	53.0	8.0	195.4	4.9	3.2	0.092	ok
11c	239.0	81.0	41.5	204.1	8.5	6.5	0.105	ok
11d	293.0	127.0	17.5	182.2	8.9	3.0	0.070	ok
12a	780.0	297.0	12.5	807.6	42.6	7.0	0.144	ok
12b	1134.0	450.0	72.5	207.6	6.5	3.0	0.014	ok
12c	786.0	384.0	35.0	918.1	40.2	19.1	0.105	ok
13a	987.0	288.0	63.0	749.8	44.3	5.7	0.154	ok
13b	989.0	471.0	40.5	598.9	51.0	11.2	0.108	ok
13c	685.0	321.0	39.0	388.5	25.3	10.0	0.079	ok
13d	841.0	407.0	58.0	663.0	76.7	3.7	0.189	ok
14a	610.0	255.0	40.5	881.4	30.7	16.1	0.120	ok
14b	585.0	259.0	82.5	640.9	24.6	16.0	0.095	ok
14c	1036.0	465.0	41.0	1076.2	52.5	12.6	0.113	ok
15a	818.0	297.0	73.0	577.7	43.2	16.6	0.145	ok
15b	822.0	234.0	576.5	958.6	23.8	18.1	0.102	ok
15c	2384.0	1041.0	147.5	660.4	62.5	5.9	0.060	ok
15d	1675.0	773.0	87.0	876.0	48.3	8.6	0.062	ok
16a	2521.0	569.0	105.5	1307.6	23.5	9.2	0.041	ok
16b	6445.0	3473.0	268.5	1984.8	153.2	35.3	0.044	ok
16c	2622.0	839.0	147.5	2198.4	75.4	10.9	0.090	ok
16d	2425.0	911.0	285.5	3237.6	88.5	17.2	0.097	ok
17a	3855.0	1934.0	243.0	2510.0	133.9	17.2	0.069	ok
17b	8342.0	3945.0	1450.0	3592.3	152.0	48.9	0.039	ok
17c	5622.0	2985.0	656.5	1257.2	37.8	8.4	0.013	ok
17d	6156.0	3198.0	1053.0	3964.3	114.2	50.1	0.036	ok
17e	3690.0	1775.0	1085.0	2447.4	142.6	34.0	0.080	ok
17f	7593.0	4726.0	892.0	3866.7	267.1	79.2	0.057	ok
18a	4019.0	1478.0	229.0	2564.2	115.8	37.7	0.078	ok
18b	4399.0	1019.0	191.0	3319.2	76.6	39.7	0.075	ok
18c	5083.0	1822.0	314.0	1525.0	128.2	82.9	0.070	ok
19a	4258.0	1784.0	379.5	2089.7	66.3	25.5	0.037	ok
19b	2721.0	616.0	162.5	1380.2	90.6	47.8	0.147	ok
19c	3794.0	1380.0	721.0	2184.4	85.9	59.5	0.062	ok
19d	3126.0	1728.0	379.0	1351.3	80.0	35.8	0.046	ok
20a	4243.0	1562.0	542.5	4245.1	147.0	45.2	0.094	ok
20b	3768.0	1409.0	158.0	3094.3	126.2	19.5	0.090	ok
20c	4468.0	1581.0	107.0	4984.8	117.6	134.6	0.074	ok
21a	413.0	147.0	30.0	817.0	25.3	3.4	0.172	ok
21b	393.0	163.0	28.0	910.7	23.3	11.4	0.143	ok
21c	563.0	150.0	42.0	504.7	22.6	3.7	0.151	ok
22a	1749.0	665.0	59.5	1730.7	56.4	12.0	0.085	ok
22b	1598.0	498.0	205.0	1369.1	57.1	27.3	0.115	ok
22c	2654.0	1527.0	199.5	1321.9	97.2	17.3	0.064	ok
22d	4187.0	3135.0	1788.0	1222.8	80.6	23.1	0.026	ok
23a	1141.0	686.0	161.0	708.1	21.1	1.9	0.031	ok
23b	1222.0	476.0	76.5	666.2	24.7	6.6	0.052	ok
23c	1117.0	838.0	480.0	889.4	36.4	7.2	0.043	ok
24a	4405.0	1674.0	364.0	2996.8	149.4	20.6	0.089	ok
24b	3061.0	693.0	157.0	3135.6	65.1	8.9	0.094	ok
25a	3870.0	1270.0	134.0	2189.4	120.8	24.2	0.095	ok
25b	2342.0	682.0	99.5	1434.1	50.8	10.9	0.074	ok
25c	5236.0	1191.0	305.0	2371.2	118.3	10.1	0.099	ok
26a	4806.0	1075.0	408.5	3589.0	72.4	14.0	0.067	ok
26b	2960.0	577.0	49.5	1664.8	25.6	7.7	0.044	ok
26c	3457.0	1294.0	309.5	3284.7	89.0	10.6	0.069	ok
27a	430.0	132.0	26.5	529.6	12.8	3.7	0.097	ok
27b	324.0	95.0	13.5	620.8	11.7	10.6	0.123	ok
27c	536.0	162.0	61.0	761.4	23.4	13.4	0.145	ok
28a	5632.0	1762.0	87.0	875.2	38.8	7.0	0.022	ok
28b	3595.0	1060.0	88.5	632.8	28.4	10.8	0.027	ok
28c	5654.0	2374.0	446.5	1580.5	55.7	12.5	0.023	ok
29a	2736.0	850.0	122.5	1044.1	34.2	16.2	0.040	ok
29b	3049.0	697.0	118.0	975.6	20.8	2.9	0.030	ok
29c	4307.0	1106.0	1136.5	1924.9	56.7	10.2	0.051	ok
30a	4726.0	1071.0	195.5	1965.3	72.8	10.4	0.068	ok
30b	3040.0	815.0	36.5	1286.7	37.8	10.1	0.046	ok
30c	4840.0	1627.0	311.5	2785.5	83.8	5.3	0.051	ok
31a	3228.0	957.0	162.5	2143.2	62.4	14.4	0.065	ok
31b	2390.0	689.0	77.0	1183.2	31.8	6.3	0.046	ok
31c	4261.0	1456.0	521.0	2244.9	53.9	6.7	0.037	ok
32a	77.0	43.0	24.0	92.6	1.8	2.0	0.043	ok
32b	540.0	205.0	38.0	342.0	11.8	2.7	0.058	ok
33a	330.0	99.0	22.0	264.8	12.7	3.8	0.129	ok
33b	679.0	252.0	54.5	270.0	12.0	5.0	0.048	ok
33c	353.0	124.0	14.5	242.6	11.7	6.7	0.094	ok
