query	duck_joins	duck_join_median	duck_join_max	duck_max	duck_top	rudb_joins	rudb_join_median	rudb_join_max	rudb_max	rudb_top
1a	4	14.7	97.7	24079.2	14.7	0	1.0	1.0	24079.2	1.0
1b	4	557.0	2442.5	173941.7	139.0	0	1.0	1.0	716259.0	1.0
1c	4	139.0	557.0	173941.7	139.0	0	1.0	1.0	391666.0	1.0
1d	4	417.8	2442.5	138003.5	104.2	0	1.0	1.0	690726.5	1.0
2a	4	1614.7	7834.0	7834.0	7834.0	0	1.0	1.0	577.6	1.0
2b	4	1614.7	5228.0	5228.0	5228.0	0	1.0	1.0	978.4	1.0
2c	4	1.0	606.3	2609129.0	1.0	0	1.0	1.0	4523930.0	1.0
2d	4	1614.7	68316.0	68316.0	68316.0	0	1.0	1.0	108.1	1.0
3a	4	98.3	1474.8	19520.7	1474.8	0	1.0	1.0	665.1	1.0
3b	3	45.4	76.7	8944.7	2.5	0	1.0	1.0	130555.3	1.0
3c	4	41.9	74.4	894.5	41.9	0	1.0	1.0	349.3	1.0
4a	4	3.9	84.3	6113.4	1.2	0	1.0	1.0	1796.0	1.0
4b	4	17.5	483.0	753988.3	99.5	0	1.0	1.0	78333.2	1.0
4c	4	7.9	233.9	962.5	7.9	0	1.0	1.0	464.2	1.0
5a	5	30746.0	42522.0	42522.0	42522.0	0	1.0	1.0	1012920.0	1.0
5b	4	42522.0	122987.0	505662.0	42522.0	0	1.0	1.0	435998.0	1.0
5c	5	63.6	1974.4	4530.0	63.6	0	1.0	1.0	2325.3	1.0
6a	4	3.9	10.5	833498.0	10.5	0	1.0	1.0	323137.9	1.0
6b	5	25890.1	350933.1	18122172.0	70735.5	0	1.0	1.0	180320.1	1.0
6c	4	8.5	31.5	1098313.5	31.5	0	1.0	1.0	1098313.5	1.0
6d	5	26.2	47854.5	884008.4	9645.8	0	1.0	1.0	604072.4	1.0
6e	4	3.9	10.5	833498.0	10.5	0	1.0	1.0	323137.9	1.0
6f	5	5.4	26.2	3354.2	5.4	0	1.0	1.0	127.3	1.0
7a	7	32.0	3354.0	72237.4	32.0	0	1.0	1.0	48598.0	1.0
7b	7	46.0	353.0	1041873.0	16.0	0	1.0	1.0	224343.0	1.0
7c	7	10050.2	109842.0	109842.0	68185.0	0	1.0	1.0	1927.5	1.0
8a	6	62.0	1124.1	150223.8	62.0	0	1.0	1.0	150223.8	1.0
8b	6	16.0	1124.1	300447.7	6.0	0	1.0	1.0	300447.7	1.0
8c	6	88.4	512.2	512.2	404.8	0	1.0	1.0	30.0	1.0
8d	6	52.6	77.6	938.8	52.6	0	1.0	1.0	318.9	1.0
9a	7	137.3	1456.1	125613.6	5.0	0	1.0	1.0	125613.6	1.0
9b	7	7183.4	60283.0	297678.0	40.0	0	1.0	1.0	285485.4	1.0
9c	7	17.4	520.3	9059.8	13.2	0	1.0	1.0	5538.5	1.0
9d	7	520.3	1033.0	1033.0	784.2	0	1.0	1.0	196.8	1.0
10a	6	10.0	119.9	92934.2	10.8	0	1.0	1.0	50650.6	1.0
10b	6	1119.0	13429.0	7248868.0	1123.0	0	1.0	1.0	3140339.0	1.0
10c	6	77.6	1347.9	3140339.0	1347.9	0	1.0	1.0	3140339.0	1.0
11a	7	310.0	1021.0	98346.3	310.0	0	1.0	1.0	150797.7	1.0
11b	7	14.0	21.0	173941.7	14.0	0	1.0	1.0	4523930.0	1.0
11c	7	29.2	141.8	1130982.5	141.8	0	1.0	1.0	24063.5	1.0
11d	7	239.4	930.8	38999.4	304.1	0	1.0	1.0	24063.5	1.0
12a	7	198.5	5674.0	10750.5	397.0	0	1.0	1.0	3759.6	1.0
12b	7	6.8	77.6	7417860.0	10.0	0	1.0	1.0	7417860.0	1.0
12c	7	2355.5	42332.0	42332.0	4711.0	0	1.0	1.0	176.5	1.0
13a	8	336.1	111101.0	111101.0	111101.0	0	1.0	1.0	244.8	1.0
13b	8	8.1	372.0	90461.7	372.0	0	1.0	1.0	54543.1	1.0
13c	8	5.9	77.6	436344.7	53.0	0	1.0	1.0	164841.3	1.0
13d	8	1781.5	670390.0	670390.0	670390.0	0	1.0	1.0	43.4	1.0
14a	8	105.3	9458.6	9458.6	761.0	0	1.0	1.0	2768.6	1.0
14b	8	41.0	2967144.0	2967144.0	1.0	0	1.0	1.0	521568.0	1.0
14c	8	195.7	11103.5	11103.5	4115.0	0	1.0	1.0	400.8	1.0
15a	8	35.5	328.0	87268.9	328.0	0	1.0	1.0	46048.4	1.0
15b	8	3.0	69.5	989048.0	37.0	0	1.0	1.0	122268.4	1.0
15c	8	73.3	370.3	38534.3	73.3	0	1.0	1.0	23630.4	1.0
15d	8	77.6	378.2	11868.6	366.0	0	1.0	1.0	4275.4	1.0
16a	7	161.5	606.3	138337.2	385.0	0	1.0	1.0	138337.2	1.0
16b	7	314728.3	1855296.0	1855296.0	1855296.0	0	1.0	1.0	108.1	1.0
16c	7	8538.0	319932.0	319932.0	319932.0	0	1.0	1.0	391.1	1.0
16d	7	6766.0	249455.0	249455.0	249455.0	0	1.0	1.0	509.9	1.0
17a	6	68316.0	314728.3	314728.3	129144.5	0	1.0	1.0	108.1	1.0
17b	6	606.3	4777.5	4777.5	126.6	0	1.0	1.0	5457.7	1.0
17c	6	606.3	4777.5	13740.8	4.6	0	1.0	1.0	23199.6	1.0
17d	6	606.3	4777.5	4777.5	27.9	0	1.0	1.0	2604.5	1.0
17e	6	68316.0	257505.0	257505.0	257505.0	0	1.0	1.0	108.1	1.0
17f	6	1669.1	4777.5	4777.5	2695.2	0	1.0	1.0	108.1	1.0
18a	6	12.4	18.8	12329.9	14.6	0	1.0	1.0	6417.0	1.0
18b	7	14.1	3243.3	231527.3	1.2	0	1.0	1.0	69247.3	1.0
18c	8	18.8	171.7	189.4	23.4	0	1.0	1.0	151.4	1.0
19a	9	189.0	71864.0	160288.2	184.0	0	1.0	1.0	28727.8	1.0
19b	9	36.0	60283.0	3140339.0	15.0	0	1.0	1.0	180268.6	1.0
19c	9	1787.5	55993.2	55993.2	1787.5	0	1.0	1.0	1587.9	1.0
19d	9	1292.1	146875.3	146875.3	135434.2	0	1.0	1.0	186.6	1.0
20a	10	15.3	211.3	833498.2	15.5	0	1.0	1.0	498.8	1.0
20b	10	5.6	88.3	833498.0	6.0	0	1.0	1.0	1355.7	1.0
20c	10	5.6	75.3	3570.6	10.6	0	1.0	1.0	1487.0	1.0
21a	9	330.0	74927.9	98346.3	1410.0	0	1.0	1.0	376994.2	1.0
21b	8	92.0	1021.0	2967144.0	38.0	0	1.0	1.0	521400.0	1.0
21c	9	422.0	56624.9	98346.3	1874.0	0	1.0	1.0	376994.2	1.0
22a	10	333.8	319409.0	319409.0	2851.0	0	1.0	1.0	698.4	1.0
22b	10	35.8	2606.0	45648.4	31.0	0	1.0	1.0	9710.0	1.0
22c	11	3266.4	2610972.0	2610972.0	21489.0	0	1.0	1.0	1045.3	1.0
22d	11	11103.5	2768025.5	2768025.5	46281.0	0	1.0	1.0	400.8	1.0
23a	10	85.5	823.3	989048.0	618.0	0	1.0	1.0	869709.7	1.0
23b	10	5.9	618.0	869709.7	16.0	0	1.0	1.0	2609129.0	1.0
23c	10	244.5	3121.6	741786.0	628.0	0	1.0	1.0	652282.2	1.0
24a	11	92.1	3266.0	785084.8	275.0	0	1.0	1.0	785084.8	1.0
24b	11	45.0	244.0	3140339.0	45.0	0	1.0	1.0	3140339.0	1.0
25a	10	7112.0	319480.0	319480.0	4407.0	0	1.0	1.0	1096.8	1.0
25b	10	23.0	345184.2	2416289.3	6.0	0	1.0	1.0	869789.5	1.0
25c	11	48.9	244.7	3833.4	50.2	0	1.0	1.0	382.5	1.0
26a	12	326.0	79039.0	79039.0	1728.0	0	1.0	1.0	6194.9	1.0
26b	11	32.0	3891.0	88670.0	93.0	0	1.0	1.0	253230.0	1.0
26c	12	603.5	36643.2	36643.2	900.0	0	1.0	1.0	1495.2	1.0
27a	11	191.0	581.0	296714.4	477.0	0	1.0	1.0	452393.0	1.0
27b	11	95.0	342.0	618155.0	247.0	0	1.0	1.0	2261965.0	1.0
27c	12	191.0	251452.9	251452.9	743.0	0	1.0	1.0	1130982.5	1.0
28a	14	8650.0	738406.0	738406.0	4803.0	0	1.0	1.0	5929.0	1.0
28b	13	837.0	15989.0	53948.1	148.0	0	1.0	1.0	126615.0	1.0
28c	14	11455.0	1151351.0	1151351.0	8373.0	0	1.0	1.0	2400.3	1.0
29a	16	10.0	4890.0	2083746.0	1620.0	0	1.0	1.0	836700.0	1.0
29b	16	5.0	2445.0	2083746.0	15.0	0	1.0	1.0	836700.0	1.0
29c	16	337.0	69744.0	1046779.7	16308.0	0	1.0	1.0	1046779.7	1.0
30a	13	220.3	51561.0	51561.0	757.0	0	1.0	1.0	10872.4	1.0
30b	13	28.0	185868.4	4945240.0	28.0	0	1.0	1.0	690017.5	1.0
30c	14	150.6	128685.6	128685.6	4012.0	0	1.0	1.0	1478.0	1.0
31a	12	10.0	1777.5	35708.7	10.0	0	1.0	1.0	13178.6	1.0
31b	12	16.8	72199.9	1648413.3	16.8	0	1.0	1.0	289929.8	1.0
31c	13	16.2	1453.8	30078.3	11.1	0	1.0	1.0	18943.1	1.0
32a	5	1.0	69.0	4523930.0	1.0	0	1.0	1.0	4523930.0	1.0
32b	5	4388.0	4388.0	4682.1	4388.0	0	1.0	1.0	8377.6	1.0
33a	13	5.0	15.0	652282.2	8.0	0	1.0	1.0	505662.4	1.0
33b	13	3.9	105.0	1264156.0	4.0	0	1.0	1.0	1264156.0	1.0
33c	13	20.3	114.0	168554.1	114.0	0	1.0	1.0	194485.5	1.0
